{"cameraMode":{"drawMode":0,"name":"Shaded","section":"Shading Mode"},"sceneLighting":false,"audioPlay":false,"sceneViewState":{"showFog":true,"showMaterialUpdate":true,"showSkybox":false,"showFlares":true,"showImageEffects":true,"showParticleSystems":true},"in2DMode":false,"pivot":{"x":-1.2099518775939942,"y":-1.0946197509765626,"z":-0.8731095790863037},"rotation":{"x":0.3095727860927582,"y":0.26716741919517519,"z":-0.0912039577960968,"w":0.9080480933189392},"size":2.662153482437134,"orthographic":false}