{"cameraMode":{"drawMode":0,"name":"Shaded","section":"Shading Mode"},"sceneLighting":false,"audioPlay":false,"sceneViewState":{"showFog":true,"showMaterialUpdate":true,"showSkybox":false,"showFlares":true,"showImageEffects":true,"showParticleSystems":true},"in2DMode":false,"pivot":{"x":7.584633827209473,"y":4.496285438537598,"z":-3.6075963973999025},"rotation":{"x":0.3095727860927582,"y":0.26716741919517519,"z":-0.0912039577960968,"w":0.9080480933189392},"size":9.853443145751954,"orthographic":false}