{"cameraMode":{"drawMode":0,"name":"Shaded","section":"Shading Mode"},"sceneLighting":false,"audioPlay":false,"sceneViewState":{"showFog":true,"showMaterialUpdate":true,"showSkybox":false,"showFlares":true,"showImageEffects":true,"showParticleSystems":true},"in2DMode":false,"pivot":{"x":-0.3999999165534973,"y":0.5440000295639038,"z":-0.40000009536743166},"rotation":{"x":0.24178236722946168,"y":-0.05560554563999176,"z":0.013774815015494824,"w":0.9686809182167053},"size":1.5338956117630005,"orthographic":false}