{"cameraMode":{"drawMode":0,"name":"Shaded","section":"Shading Mode"},"sceneLighting":false,"audioPlay":false,"sceneViewState":{"showFog":true,"showMaterialUpdate":true,"showSkybox":false,"showFlares":true,"showImageEffects":true,"showParticleSystems":true},"in2DMode":false,"pivot":{"x":0.2359299212694168,"y":2.648648977279663,"z":1.5514249801635743},"rotation":{"x":0.0006775700021535158,"y":0.9774149656295776,"z":-0.211494579911232,"w":0.003546502673998475},"size":2.367783784866333,"orthographic":false}