{"cameraMode":{"drawMode":0,"name":"Shaded","section":"Shading Mode"},"sceneLighting":true,"audioPlay":false,"sceneViewState":{"showFog":true,"showMaterialUpdate":true,"showSkybox":true,"showFlares":true,"showImageEffects":true,"showParticleSystems":true},"in2DMode":false,"pivot":{"x":242.79881286621095,"y":3.212148666381836,"z":-44.477779388427737},"rotation":{"x":-0.054929137229919437,"y":0.9448630809783936,"z":-0.21483564376831056,"w":-0.24113045632839204},"size":3.3773577213287355,"orthographic":false}