{"cameraMode":{"drawMode":0,"name":"Shaded","section":"Shading Mode"},"sceneLighting":false,"audioPlay":false,"sceneViewState":{"showFog":true,"showMaterialUpdate":true,"showSkybox":false,"showFlares":true,"showImageEffects":true,"showParticleSystems":true},"in2DMode":false,"pivot":{"x":0.5701035261154175,"y":0.9508688449859619,"z":0.14890992641448975},"rotation":{"x":0.06792743504047394,"y":-0.18041403591632844,"z":0.012364194728434086,"w":0.9812133312225342},"size":2.0431745052337648,"orthographic":false}