{"cameraMode":{"drawMode":0,"name":"Shaded","section":"Shading Mode"},"sceneLighting":false,"audioPlay":false,"sceneViewState":{"showFog":true,"showMaterialUpdate":true,"showSkybox":false,"showFlares":true,"showImageEffects":true,"showParticleSystems":true},"in2DMode":false,"pivot":{"x":-0.0007808208465576172,"y":0.6755682229995728,"z":0.23325639963150025},"rotation":{"x":0.2272225022315979,"y":0.05514734983444214,"z":-0.012990455143153668,"w":0.9722375273704529},"size":2.816910743713379,"orthographic":false}