{"cameraMode":{"drawMode":0,"name":"Shaded","section":"Shading Mode"},"sceneLighting":false,"audioPlay":false,"sceneViewState":{"showFog":true,"showMaterialUpdate":true,"showSkybox":false,"showFlares":true,"showImageEffects":true,"showParticleSystems":true},"in2DMode":false,"pivot":{"x":0.001353144645690918,"y":1.661893606185913,"z":-0.0015640854835510254},"rotation":{"x":0.2272225022315979,"y":0.05514734983444214,"z":-0.012990455143153668,"w":0.9722375273704529},"size":2.230339765548706,"orthographic":false}