{"cameraMode":{"drawMode":0,"name":"Shaded","section":"Shading Mode"},"sceneLighting":false,"audioPlay":false,"sceneViewState":{"showFog":true,"showMaterialUpdate":true,"showSkybox":false,"showFlares":true,"showImageEffects":true,"showParticleSystems":true},"in2DMode":false,"pivot":{"x":0.2799372673034668,"y":3.2262792587280275,"z":0.766616940498352},"rotation":{"x":0.08139516413211823,"y":0.9181524515151978,"z":-0.2601790726184845,"w":0.28770485520362856},"size":7.18906307220459,"orthographic":false}