{"cameraMode":{"drawMode":0,"name":"Shaded","section":"Shading Mode"},"sceneLighting":false,"audioPlay":false,"sceneViewState":{"showFog":true,"showMaterialUpdate":true,"showSkybox":false,"showFlares":true,"showImageEffects":true,"showParticleSystems":true},"in2DMode":false,"pivot":{"x":-7.365198135375977,"y":2.092367172241211,"z":60.85558319091797},"rotation":{"x":0.13029813766479493,"y":-0.844273030757904,"z":0.46239978075027468,"w":0.23768697679042817},"size":3.6425185203552248,"orthographic":false}