{"cameraMode":{"drawMode":0,"name":"Shaded","section":"Shading Mode"},"sceneLighting":false,"audioPlay":false,"sceneViewState":{"showFog":true,"showMaterialUpdate":true,"showSkybox":false,"showFlares":true,"showImageEffects":true,"showParticleSystems":true},"in2DMode":false,"pivot":{"x":-2.1576216220855715,"y":-1.3834187984466553,"z":-0.5948264598846436},"rotation":{"x":0.3095727860927582,"y":0.26716741919517519,"z":-0.0912039577960968,"w":0.9080480933189392},"size":4.893544673919678,"orthographic":false}