{"cameraMode":{"drawMode":0,"name":"Shaded","section":"Shading Mode"},"sceneLighting":true,"audioPlay":false,"sceneViewState":{"showFog":true,"showMaterialUpdate":true,"showSkybox":true,"showFlares":true,"showImageEffects":true,"showParticleSystems":true},"in2DMode":false,"pivot":{"x":-53.39704513549805,"y":98.3326416015625,"z":117.28522491455078},"rotation":{"x":0.34455859661102297,"y":-0.610055685043335,"z":0.3328799307346344,"w":0.6311850547790527},"size":6.161323547363281,"orthographic":false}