{"cameraMode":{"drawMode":0,"name":"Shaded","section":"Shading Mode"},"sceneLighting":false,"audioPlay":false,"sceneViewState":{"showFog":true,"showMaterialUpdate":true,"showSkybox":false,"showFlares":true,"showImageEffects":true,"showParticleSystems":true},"in2DMode":false,"pivot":{"x":1.9809622764587403,"y":4.670170783996582,"z":0.22884035110473634},"rotation":{"x":0.03368915244936943,"y":0.3559674322605133,"z":-0.012943314388394356,"w":0.9338463544845581},"size":6.6036272048950199,"orthographic":false}