{"cameraMode":{"drawMode":0,"name":"Shaded","section":"Shading Mode"},"sceneLighting":true,"audioPlay":false,"sceneViewState":{"showFog":true,"showMaterialUpdate":true,"showSkybox":true,"showFlares":true,"showImageEffects":true,"showParticleSystems":true},"in2DMode":false,"pivot":{"x":-300.1360778808594,"y":-104.37188720703125,"z":348.65301513671877},"rotation":{"x":0.2518279254436493,"y":-0.2547477185726166,"z":0.06876825541257858,"w":0.9311569333076477},"size":131.33135986328126,"orthographic":false}