{"cameraMode":{"drawMode":0,"name":"Shaded","section":"Shading Mode"},"sceneLighting":false,"audioPlay":false,"sceneViewState":{"showFog":true,"showMaterialUpdate":true,"showSkybox":false,"showFlares":true,"showImageEffects":true,"showParticleSystems":true},"in2DMode":false,"pivot":{"x":-1.2262028455734254,"y":1.9767040014266968,"z":0.037943363189697269},"rotation":{"x":0.0006775700021535158,"y":0.9774149656295776,"z":-0.211494579911232,"w":0.003546502673998475},"size":2.367783784866333,"orthographic":false}