{"cameraMode":{"drawMode":0,"name":"Shaded","section":"Shading Mode"},"sceneLighting":false,"audioPlay":false,"sceneViewState":{"showFog":true,"showMaterialUpdate":true,"showSkybox":false,"showFlares":true,"showImageEffects":true,"showParticleSystems":true},"in2DMode":false,"pivot":{"x":-0.0007933378219604492,"y":0.6126136183738709,"z":0.0037080049514770509},"rotation":{"x":0.2272225022315979,"y":0.05514734983444214,"z":-0.012990455143153668,"w":0.9722375273704529},"size":2.634688138961792,"orthographic":false}